{"cameraMode":{"drawMode":0,"name":"Shaded","section":"Shading Mode"},"sceneLighting":true,"audioPlay":false,"sceneViewState":{"showFog":true,"showMaterialUpdate":false,"showSkybox":true,"showFlares":true,"showImageEffects":true,"showParticleSystems":true},"in2DMode":false,"pivot":{"x":1.6793594360351563,"y":403.8955383300781,"z":157.33071899414063},"rotation":{"x":0.05296085774898529,"y":-0.9367590546607971,"z":0.3055613040924072,"w":0.16235212981700898},"size":169.66156005859376,"orthographic":false}