{"cameraMode":{"drawMode":0,"name":"Shaded","section":"Shading Mode"},"sceneLighting":true,"audioPlay":false,"sceneViewState":{"showFog":true,"showMaterialUpdate":false,"showSkybox":true,"showFlares":true,"showImageEffects":true,"showParticleSystems":true},"in2DMode":false,"pivot":{"x":-14.95794677734375,"y":358.24468994140627,"z":189.71707153320313},"rotation":{"x":-0.19168411195278169,"y":0.4025961458683014,"z":-0.08570002764463425,"w":-0.8911904096603394},"size":109.24877166748047,"orthographic":false}