{"cameraMode":{"drawMode":0,"name":"Shaded","section":"Shading Mode"},"sceneLighting":true,"audioPlay":false,"sceneViewState":{"showFog":true,"showMaterialUpdate":false,"showSkybox":true,"showFlares":true,"showImageEffects":true,"showParticleSystems":true},"in2DMode":false,"pivot":{"x":10.9935302734375,"y":-0.571163535118103,"z":2.281414747238159},"rotation":{"x":0.10722722113132477,"y":0.7276948094367981,"z":-0.11691635847091675,"w":0.6673495769500732},"size":10.810128211975098,"orthographic":false}