{"cameraMode":{"drawMode":0,"name":"Shaded","section":"Shading Mode"},"sceneLighting":false,"audioPlay":false,"sceneViewState":{"showFog":true,"showMaterialUpdate":false,"showSkybox":false,"showFlares":true,"showImageEffects":true,"showParticleSystems":true},"in2DMode":false,"pivot":{"x":-18.69378089904785,"y":5.25399112701416,"z":-0.41312503814697268},"rotation":{"x":-0.15795393288135529,"y":-0.6415421962738037,"z":0.13155671954154969,"w":-0.7417222261428833},"size":6.177359580993652,"orthographic":false}