{"cameraMode":{"drawMode":0,"name":"Shaded","section":"Shading Mode"},"sceneLighting":false,"audioPlay":false,"sceneViewState":{"showFog":true,"showMaterialUpdate":false,"showSkybox":false,"showFlares":true,"showImageEffects":true,"showParticleSystems":true},"in2DMode":false,"pivot":{"x":-7.003545761108398e-7,"y":0.06317111849784851,"z":0.3664696514606476},"rotation":{"x":0.25997117161750796,"y":0.2274751216173172,"z":-0.0625876635313034,"w":0.9365949034690857},"size":0.6504136323928833,"orthographic":true}