{"cameraMode":{"drawMode":0,"name":"Shaded","section":"Shading Mode"},"sceneLighting":true,"audioPlay":false,"sceneViewState":{"showFog":true,"showMaterialUpdate":false,"showSkybox":true,"showFlares":true,"showImageEffects":true,"showParticleSystems":true},"in2DMode":false,"pivot":{"x":-13.32568359375,"y":286.6998291015625,"z":179.06561279296876},"rotation":{"x":0.013898706994950772,"y":0.024152155965566636,"z":0.0018518591532483698,"w":-1.0017094612121583},"size":145.04689025878907,"orthographic":false}