{"cameraMode":{"drawMode":0,"name":"Shaded","section":"Shading Mode"},"sceneLighting":false,"audioPlay":false,"sceneViewState":{"showFog":true,"showMaterialUpdate":false,"showSkybox":false,"showFlares":true,"showImageEffects":true,"showParticleSystems":true},"in2DMode":false,"pivot":{"x":0.0019248276948928834,"y":0.3785867989063263,"z":1.4901161193847657e-8},"rotation":{"x":-0.2480059266090393,"y":-0.43370702862739565,"z":0.12313194572925568,"w":-0.8593287467956543},"size":0.49369189143180849,"orthographic":false}