{"cameraMode":{"drawMode":0,"name":"Shaded","section":"Shading Mode"},"sceneLighting":false,"audioPlay":false,"sceneViewState":{"showFog":true,"showMaterialUpdate":false,"showSkybox":false,"showFlares":true,"showImageEffects":true,"showParticleSystems":true},"in2DMode":false,"pivot":{"x":5.960464477539063e-8,"y":1.466485857963562,"z":5.960464477539063e-8},"rotation":{"x":0.030393116176128389,"y":-0.9623846411705017,"z":0.24086496233940125,"w":0.12500020861625672},"size":1.8025728464126588,"orthographic":true}