{"cameraMode":{"drawMode":0,"name":"Shaded","section":"Shading Mode"},"sceneLighting":false,"audioPlay":false,"sceneViewState":{"showFog":true,"showMaterialUpdate":false,"showSkybox":false,"showFlares":true,"showImageEffects":true,"showParticleSystems":true},"in2DMode":false,"pivot":{"x":0.0,"y":1.9999998807907105,"z":-0.07457256317138672},"rotation":{"x":0.049980953335762027,"y":0.8437204957008362,"z":-0.07904493808746338,"w":0.5291193723678589},"size":11.945258140563965,"orthographic":true}