{"cameraMode":{"drawMode":0,"name":"Shaded","section":"Shading Mode"},"sceneLighting":true,"audioPlay":false,"sceneViewState":{"showFog":true,"showMaterialUpdate":false,"showSkybox":true,"showFlares":true,"showImageEffects":true,"showParticleSystems":true},"in2DMode":false,"pivot":{"x":33.18873596191406,"y":215.40481567382813,"z":168.35409545898438},"rotation":{"x":-0.2507311701774597,"y":0.6875932216644287,"z":-0.27687427401542666,"w":-0.6226618885993958},"size":71.69012451171875,"orthographic":false}