{"cameraMode":{"drawMode":0,"name":"Shaded","section":"Shading Mode"},"sceneLighting":false,"audioPlay":false,"sceneViewState":{"showFog":true,"showMaterialUpdate":false,"showSkybox":false,"showFlares":true,"showImageEffects":true,"showParticleSystems":true},"in2DMode":false,"pivot":{"x":0.7748856544494629,"y":2.662687301635742,"z":-0.0000247955322265625},"rotation":{"x":0.02735961228609085,"y":-0.33424392342567446,"z":0.010007101111114025,"w":0.9422588348388672},"size":6.071560859680176,"orthographic":true}