{"cameraMode":{"drawMode":0,"name":"Shaded","section":"Shading Mode"},"sceneLighting":true,"audioPlay":false,"sceneViewState":{"showFog":true,"showMaterialUpdate":false,"showSkybox":true,"showFlares":true,"showImageEffects":true,"showParticleSystems":true},"in2DMode":false,"pivot":{"x":-6.7556586265563969,"y":574.4415893554688,"z":148.13645935058595},"rotation":{"x":-0.20092658698558808,"y":0.44421088695526125,"z":0.10289391130208969,"w":0.8670896887779236},"size":52.048763275146487,"orthographic":false}