{"cameraMode":{"drawMode":0,"name":"Shaded","section":"Shading Mode"},"sceneLighting":false,"audioPlay":false,"sceneViewState":{"showFog":true,"showMaterialUpdate":false,"showSkybox":false,"showFlares":true,"showImageEffects":true,"showParticleSystems":true},"in2DMode":false,"pivot":{"x":0.00432470440864563,"y":0.3413332402706146,"z":-0.0032524317502975466},"rotation":{"x":0.20696529746055604,"y":0.5843498706817627,"z":-0.1589939147233963,"w":0.770539402961731},"size":1.840867280960083,"orthographic":false}