{"cameraMode":{"drawMode":0,"name":"Shaded","section":"Shading Mode"},"sceneLighting":false,"audioPlay":false,"sceneViewState":{"showFog":true,"showMaterialUpdate":false,"showSkybox":false,"showFlares":true,"showImageEffects":true,"showParticleSystems":true},"in2DMode":false,"pivot":{"x":0.0,"y":11.760076522827149,"z":3.2794079780578615},"rotation":{"x":0.07488173246383667,"y":-0.8777721524238586,"z":0.1469276398420334,"w":0.45028483867645266},"size":25.090373992919923,"orthographic":true}