{"cameraMode":{"drawMode":0,"name":"Shaded","section":"Shading Mode"},"sceneLighting":false,"audioPlay":false,"sceneViewState":{"showFog":true,"showMaterialUpdate":false,"showSkybox":false,"showFlares":true,"showImageEffects":true,"showParticleSystems":true},"in2DMode":false,"pivot":{"x":-1.2550585269927979,"y":0.375,"z":-2.999999523162842},"rotation":{"x":0.013894611038267613,"y":0.9843153357505798,"z":-0.0849137157201767,"w":0.15545721352100373},"size":3.273498773574829,"orthographic":true}