{"cameraMode":{"drawMode":0,"name":"Shaded","section":"Shading Mode"},"sceneLighting":true,"audioPlay":false,"sceneViewState":{"showFog":true,"showMaterialUpdate":false,"showSkybox":true,"showFlares":true,"showImageEffects":true,"showParticleSystems":true},"in2DMode":false,"pivot":{"x":-92.5514907836914,"y":36.48604202270508,"z":147.16844177246095},"rotation":{"x":0.1117582842707634,"y":-0.7510690093040466,"z":-0.1408570557832718,"w":-0.6377678513526917},"size":8.732917785644532,"orthographic":false}