{"cameraMode":{"drawMode":0,"name":"Shaded","section":"Shading Mode"},"sceneLighting":true,"audioPlay":false,"sceneViewState":{"showFog":true,"showMaterialUpdate":false,"showSkybox":true,"showFlares":true,"showImageEffects":true,"showParticleSystems":true},"in2DMode":false,"pivot":{"x":3.4344844818115236,"y":59.582088470458987,"z":31.16668701171875},"rotation":{"x":0.13786520063877107,"y":-0.06083110347390175,"z":0.012756990268826485,"w":0.9893922209739685},"size":86.73041534423828,"orthographic":false}