{"cameraMode":{"drawMode":0,"name":"Shaded","section":"Shading Mode"},"sceneLighting":false,"audioPlay":false,"sceneViewState":{"showFog":true,"showMaterialUpdate":false,"showSkybox":false,"showFlares":true,"showImageEffects":true,"showParticleSystems":true},"in2DMode":false,"pivot":{"x":0.16878128051757813,"y":-0.03424072265625,"z":0.5911397933959961},"rotation":{"x":-0.3284694254398346,"y":0.009696210734546185,"z":-0.00718289241194725,"w":-0.9464402198791504},"size":35.70050048828125,"orthographic":false}