{"cameraMode":{"drawMode":0,"name":"Shaded","section":"Shading Mode"},"sceneLighting":false,"audioPlay":false,"sceneViewState":{"showFog":true,"showMaterialUpdate":false,"showSkybox":false,"showFlares":true,"showImageEffects":true,"showParticleSystems":true},"in2DMode":false,"pivot":{"x":4.899999618530273,"y":2.909743547439575,"z":-2.499994993209839},"rotation":{"x":0.034666258841753009,"y":-0.9468918442726135,"z":0.11058779060840607,"w":0.3006651997566223},"size":6.676048755645752,"orthographic":true}