{"cameraMode":{"drawMode":0,"name":"Shaded","section":"Shading Mode"},"sceneLighting":true,"audioPlay":false,"sceneViewState":{"showFog":true,"showMaterialUpdate":false,"showSkybox":true,"showFlares":true,"showImageEffects":true,"showParticleSystems":true},"in2DMode":false,"pivot":{"x":4.689564228057861,"y":293.4263610839844,"z":194.62823486328126},"rotation":{"x":-0.29005369544029238,"y":-0.2140571027994156,"z":0.055438391864299777,"w":-0.9324386119842529},"size":7.5991129875183109,"orthographic":false}