{"cameraMode":{"drawMode":0,"name":"Shaded","section":"Shading Mode"},"sceneLighting":true,"audioPlay":false,"sceneViewState":{"showFog":true,"showMaterialUpdate":false,"showSkybox":true,"showFlares":true,"showImageEffects":true,"showParticleSystems":true},"in2DMode":false,"pivot":{"x":-17.9431095123291,"y":26.923234939575197,"z":208.6234130859375},"rotation":{"x":0.10216323286294937,"y":-0.17988717555999757,"z":0.028615817427635194,"w":0.9792343974113464},"size":34.285465240478519,"orthographic":false}