{"cameraMode":{"drawMode":0,"name":"Shaded","section":"Shading Mode"},"sceneLighting":false,"audioPlay":false,"sceneViewState":{"showFog":true,"showMaterialUpdate":false,"showSkybox":false,"showFlares":true,"showImageEffects":true,"showParticleSystems":true},"in2DMode":false,"pivot":{"x":0.0,"y":5.277225494384766,"z":-0.00000476837158203125},"rotation":{"x":-0.05038819462060928,"y":-0.9108602404594421,"z":0.11584952473640442,"w":-0.39374595880508425},"size":10.653192520141602,"orthographic":true}