{"cameraMode":{"drawMode":0,"name":"Shaded","section":"Shading Mode"},"sceneLighting":false,"audioPlay":false,"sceneViewState":{"showFog":true,"showMaterialUpdate":false,"showSkybox":false,"showFlares":true,"showImageEffects":true,"showParticleSystems":true},"in2DMode":false,"pivot":{"x":-0.000002384185791015625,"y":0.7662475109100342,"z":-0.002604961395263672},"rotation":{"x":0.2256864309310913,"y":0.21118006110191346,"z":-0.04961700737476349,"w":0.9499810338020325},"size":2.1103456020355226,"orthographic":true}