{"cameraMode":{"drawMode":0,"name":"Shaded","section":"Shading Mode"},"sceneLighting":false,"audioPlay":false,"sceneViewState":{"showFog":true,"showMaterialUpdate":false,"showSkybox":false,"showFlares":true,"showImageEffects":true,"showParticleSystems":true},"in2DMode":false,"pivot":{"x":0.009850293397903443,"y":0.14437395334243775,"z":-0.9361412525177002},"rotation":{"x":-0.3284694254398346,"y":0.009696210734546185,"z":-0.00718289241194725,"w":-0.9464402198791504},"size":1.5123156309127808,"orthographic":false}