{"cameraMode":{"drawMode":0,"name":"Shaded","section":"Shading Mode"},"sceneLighting":false,"audioPlay":false,"sceneViewState":{"showFog":true,"showMaterialUpdate":false,"showSkybox":false,"showFlares":true,"showImageEffects":true,"showParticleSystems":true},"in2DMode":false,"pivot":{"x":0.21187305450439454,"y":2.0,"z":0.017006874084472657},"rotation":{"x":0.021280884742736818,"y":0.9746519923210144,"z":-0.1017637848854065,"w":0.19922895729541779},"size":14.823823928833008,"orthographic":true}