{"cameraMode":{"drawMode":0,"name":"Shaded","section":"Shading Mode"},"sceneLighting":true,"audioPlay":false,"sceneViewState":{"showFog":true,"showMaterialUpdate":false,"showSkybox":true,"showFlares":true,"showImageEffects":true,"showParticleSystems":true},"in2DMode":false,"pivot":{"x":-17.21683120727539,"y":38.05876541137695,"z":250.6562957763672},"rotation":{"x":-0.07732251286506653,"y":0.32874274253845217,"z":-0.030904904007911683,"w":-0.9416638612747192},"size":29.75975799560547,"orthographic":false}