{"cameraMode":{"drawMode":0,"name":"Shaded","section":"Shading Mode"},"sceneLighting":false,"audioPlay":false,"sceneViewState":{"showFog":true,"showMaterialUpdate":false,"showSkybox":false,"showFlares":true,"showImageEffects":true,"showParticleSystems":true},"in2DMode":false,"pivot":{"x":0.26171875,"y":12.341796875,"z":-1.103515625},"rotation":{"x":0.2558091878890991,"y":-0.00027772417524829507,"z":0.0004687623877543956,"w":0.9669463038444519},"size":39.261409759521487,"orthographic":true}