{"cameraMode":{"drawMode":0,"name":"Shaded","section":"Shading Mode"},"sceneLighting":false,"audioPlay":false,"sceneViewState":{"showFog":true,"showMaterialUpdate":false,"showSkybox":false,"showFlares":true,"showImageEffects":true,"showParticleSystems":true},"in2DMode":false,"pivot":{"x":0.000005990266799926758,"y":0.14961843192577363,"z":-0.0193416029214859},"rotation":{"x":0.02229798585176468,"y":0.9762899875640869,"z":-0.12049282342195511,"w":0.18965306878089906},"size":0.2616446614265442,"orthographic":false}