{"cameraMode":{"drawMode":0,"name":"Shaded","section":"Shading Mode"},"sceneLighting":true,"audioPlay":false,"sceneViewState":{"showFog":true,"showMaterialUpdate":false,"showSkybox":true,"showFlares":true,"showImageEffects":true,"showParticleSystems":true},"in2DMode":false,"pivot":{"x":202.30499267578126,"y":459.921630859375,"z":220.67916870117188},"rotation":{"x":0.15944822132587434,"y":0.7252258062362671,"z":-0.15925852954387666,"w":0.6527875065803528},"size":388.5389709472656,"orthographic":false}