{"cameraMode":{"drawMode":0,"name":"Shaded","section":"Shading Mode"},"sceneLighting":true,"audioPlay":false,"sceneViewState":{"showFog":true,"showMaterialUpdate":false,"showSkybox":true,"showFlares":true,"showImageEffects":true,"showParticleSystems":true},"in2DMode":false,"pivot":{"x":-19.510547637939454,"y":531.7575073242188,"z":176.56996154785157},"rotation":{"x":-0.3788691461086273,"y":0.24757766723632813,"z":-0.10404284298419953,"w":-0.8874402642250061},"size":90.21604919433594,"orthographic":false}