{"cameraMode":{"drawMode":0,"name":"Shaded","section":"Shading Mode"},"sceneLighting":false,"audioPlay":false,"sceneViewState":{"showFog":true,"showMaterialUpdate":false,"showSkybox":false,"showFlares":true,"showImageEffects":true,"showParticleSystems":true},"in2DMode":false,"pivot":{"x":-0.000006366521120071411,"y":-0.0006105601787567139,"z":0.627889096736908},"rotation":{"x":0.1820560097694397,"y":0.15416161715984345,"z":-0.02891332283616066,"w":0.9706972241401672},"size":0.7317754030227661,"orthographic":true}