{"cameraMode":{"drawMode":0,"name":"Shaded","section":"Shading Mode"},"sceneLighting":false,"audioPlay":false,"sceneViewState":{"showFog":true,"showMaterialUpdate":false,"showSkybox":false,"showFlares":true,"showImageEffects":true,"showParticleSystems":true},"in2DMode":false,"pivot":{"x":-2.5,"y":-4.874993801116943,"z":-2.500009775161743},"rotation":{"x":0.015626830980181695,"y":0.07456288486719132,"z":-0.0006498066359199584,"w":0.9973190426826477},"size":6.22620964050293,"orthographic":true}