{"cameraMode":{"drawMode":0,"name":"Shaded","section":"Shading Mode"},"sceneLighting":true,"audioPlay":false,"sceneViewState":{"showFog":true,"showMaterialUpdate":false,"showSkybox":true,"showFlares":true,"showImageEffects":true,"showParticleSystems":true},"in2DMode":false,"pivot":{"x":-88.95919799804688,"y":254.20509338378907,"z":4.7767534255981449},"rotation":{"x":-0.10919371247291565,"y":-0.8264613747596741,"z":0.5333330631256104,"w":-0.15327110886573792},"size":467.638916015625,"orthographic":true}