{"cameraMode":{"drawMode":0,"name":"Shaded","section":"Shading Mode"},"sceneLighting":false,"audioPlay":false,"sceneViewState":{"showFog":true,"showMaterialUpdate":false,"showSkybox":false,"showFlares":true,"showImageEffects":true,"showParticleSystems":true},"in2DMode":false,"pivot":{"x":-0.0026903152465820314,"y":28.302051544189454,"z":7.079811096191406},"rotation":{"x":0.1783897876739502,"y":0.12041985988616944,"z":-0.021558748558163644,"w":0.97654789686203},"size":56.968841552734378,"orthographic":true}