{"cameraMode":{"drawMode":0,"name":"Shaded","section":"Shading Mode"},"sceneLighting":true,"audioPlay":false,"sceneViewState":{"showFog":true,"showMaterialUpdate":false,"showSkybox":true,"showFlares":true,"showImageEffects":true,"showParticleSystems":true},"in2DMode":false,"pivot":{"x":-70.72036743164063,"y":10.868219375610352,"z":-123.37358093261719},"rotation":{"x":0.3825601041316986,"y":-0.16059190034866334,"z":0.06775541603565216,"w":0.9073873162269592},"size":367.6177978515625,"orthographic":false}