{"cameraMode":{"drawMode":0,"name":"Shaded","section":"Shading Mode"},"sceneLighting":true,"audioPlay":false,"sceneViewState":{"showFog":true,"showMaterialUpdate":false,"showSkybox":true,"showFlares":true,"showImageEffects":true,"showParticleSystems":true},"in2DMode":false,"pivot":{"x":-6.471456050872803,"y":-11.049342155456543,"z":13.6214017868042},"rotation":{"x":0.3206726610660553,"y":-0.14842316508293153,"z":0.05110585317015648,"w":0.9343567490577698},"size":11.257131576538086,"orthographic":false}