{"cameraMode":{"drawMode":0,"name":"Shaded","section":"Shading Mode"},"sceneLighting":true,"audioPlay":false,"sceneViewState":{"showFog":true,"showMaterialUpdate":false,"showSkybox":true,"showFlares":true,"showImageEffects":true,"showParticleSystems":true},"in2DMode":false,"pivot":{"x":-46.995052337646487,"y":80.00495910644531,"z":144.5807342529297},"rotation":{"x":-0.11286292970180512,"y":0.8708426356315613,"z":-0.22884441912174226,"w":-0.42394712567329409},"size":5.018337249755859,"orthographic":false}