{"cameraMode":{"drawMode":0,"name":"Shaded","section":"Shading Mode"},"sceneLighting":true,"audioPlay":false,"sceneViewState":{"showFog":true,"showMaterialUpdate":false,"showSkybox":true,"showFlares":true,"showImageEffects":true,"showParticleSystems":true},"in2DMode":false,"pivot":{"x":127.05565643310547,"y":524.9456787109375,"z":300.65716552734377},"rotation":{"x":0.2299870252609253,"y":0.7298867106437683,"z":-0.2925827205181122,"w":0.5734614729881287},"size":206.16336059570313,"orthographic":false}