{"cameraMode":{"drawMode":0,"name":"Shaded","section":"Shading Mode"},"sceneLighting":true,"audioPlay":false,"sceneViewState":{"showFog":true,"showMaterialUpdate":false,"showSkybox":true,"showFlares":true,"showImageEffects":true,"showParticleSystems":true},"in2DMode":false,"pivot":{"x":9.063176155090332,"y":25.390277862548829,"z":142.1247100830078},"rotation":{"x":0.29398253560066225,"y":0.42961162328720095,"z":-0.1349240392446518,"w":0.8448001742362976},"size":7.555469989776611,"orthographic":false}