{"cameraMode":{"drawMode":0,"name":"Shaded","section":"Shading Mode"},"sceneLighting":true,"audioPlay":false,"sceneViewState":{"showFog":true,"showMaterialUpdate":false,"showSkybox":true,"showFlares":true,"showImageEffects":true,"showParticleSystems":true},"in2DMode":false,"pivot":{"x":17.414134979248048,"y":27.94049835205078,"z":243.43434143066407},"rotation":{"x":0.07988794147968292,"y":0.3227258324623108,"z":-0.023481076583266259,"w":0.9437451362609863},"size":51.31612014770508,"orthographic":false}