{"cameraMode":{"drawMode":0,"name":"Shaded","section":"Shading Mode"},"sceneLighting":true,"audioPlay":false,"sceneViewState":{"showFog":true,"showMaterialUpdate":false,"showSkybox":true,"showFlares":true,"showImageEffects":true,"showParticleSystems":true},"in2DMode":false,"pivot":{"x":-32.14348602294922,"y":341.3529052734375,"z":269.7317199707031},"rotation":{"x":0.3527076542377472,"y":-0.196219801902771,"z":0.07662340998649597,"w":0.9131547808647156},"size":216.0775909423828,"orthographic":false}