{"cameraMode":{"drawMode":0,"name":"Shaded","section":"Shading Mode"},"sceneLighting":false,"audioPlay":false,"sceneViewState":{"showFog":true,"showMaterialUpdate":false,"showSkybox":false,"showFlares":true,"showImageEffects":true,"showParticleSystems":true},"in2DMode":false,"pivot":{"x":0.0,"y":4.055228233337402,"z":0.08925151824951172},"rotation":{"x":-0.044816046953201297,"y":-0.648455023765564,"z":-0.03371504321694374,"w":0.7615872025489807},"size":5.686460971832275,"orthographic":false}