{"cameraMode":{"drawMode":0,"name":"Shaded","section":"Shading Mode"},"sceneLighting":false,"audioPlay":false,"sceneViewState":{"showFog":true,"showMaterialUpdate":false,"showSkybox":true,"showFlares":true,"showImageEffects":true,"showParticleSystems":true},"in2DMode":false,"pivot":{"x":3.9935944080352785,"y":390.2091979980469,"z":144.51846313476563},"rotation":{"x":-0.09250828623771668,"y":-0.6452023983001709,"z":0.09320368617773056,"w":-0.7552717328071594},"size":105.37934875488281,"orthographic":false}