{"cameraMode":{"drawMode":0,"name":"Shaded","section":"Shading Mode"},"sceneLighting":true,"audioPlay":false,"sceneViewState":{"showFog":true,"showMaterialUpdate":false,"showSkybox":true,"showFlares":true,"showImageEffects":true,"showParticleSystems":true},"in2DMode":false,"pivot":{"x":32.47020721435547,"y":390.02581787109377,"z":134.4774169921875},"rotation":{"x":-0.21572233736515046,"y":-0.5538238286972046,"z":0.13688932359218598,"w":-0.7951737642288208},"size":91.90641021728516,"orthographic":false}